<?xml version="1.0" encoding="UTF-8"?>
<project-private xmlns="http://www.netbeans.org/ns/project-private/1">
    <editor-bookmarks xmlns="http://www.netbeans.org/ns/editor-bookmarks/2" lastBookmarkId="1">
        <file>
            <url>src/es/cifpcm/ForVagosApp.java</url>
            <bookmark id="1">
                <name/>
                <line>114</line>
                <key/>
            </bookmark>
        </file>
    </editor-bookmarks>
    <open-files xmlns="http://www.netbeans.org/ns/projectui-open-files/2">
        <group>
            <file>file:/D:/Git/2ºDAWB/DSW/Ejercicios/AUT01_03/AUT01_03_Mauleón_Quintana_Aymediacoan/src/es/cifpcm/ForVagosApp.java</file>
        </group>
    </open-files>
</project-private>
