{
    "movilidadGM00": {
      "tipo": "Grado Medio",
      "ciclo": "Sistemas Microinformáticos y Redes",
      "pais": "Italia",
      "ciudad": "Barcellona Pozzo di Gotto"
    },
    "movilidadGM01": {
      "tipo": "Grado Medio",
      "ciclo": "Sistemas Microinformáticos y Redes",
      "pais": "Italia",
      "ciudad": "Vicenza"
    },
    "movilidadGM02": {
      "tipo": "Grado Medio",
      "ciclo": "Sistemas Microinformáticos y Redes",
      "pais": "Italia",
      "ciudad": "Brescia"
    },
    "movilidadGM03": {
      "tipo": "Grado Medio",
      "ciclo": "Sistemas Microinformáticos y Redes",
      "pais": "Polonia",
      "ciudad": "Cracovia"
    },
    "movilidadGM04": {
      "tipo": "Grado Medio",
      "ciclo": "Sistemas Microinformáticos y Redes",
      "pais": "Reino Unido",
      "ciudad": "Bournemonth"
    },
    "movilidadGM05": {
      "tipo": "Grado Medio",
      "ciclo": "Sistemas Microinformáticos y Redes",
      "pais": "República Checa",
      "ciudad": "Praga"
    },
    "movilidadGM06": {
      "tipo": "Grado Medio",
      "ciclo": "Instalaciones de Telecomunicaciones",
      "pais": "Italia",
      "ciudad": "Vicenza"
    },
    "movilidadGM07": {
      "tipo": "Grado Medio",
      "ciclo": "Instalaciones de Telecomunicaciones",
      "pais": "Italia",
      "ciudad": "Barcellona Pozzo di Gotto"
    },
    "movilidadGM08": {
      "tipo": "Grado Medio",
      "ciclo": "Instalaciones Eléctricas y Automatismos",
      "pais": "Italia",
      "ciudad": "Barcellona Pozzo di Gotto"
    },
    "movilidadGM09": {
      "tipo": "Grado Medio",
      "ciclo": "Instalaciones Eléctricas y Automatismos",
      "pais": "Italia",
      "ciudad": "Catania"
    },
    "movilidadGM10": {
      "tipo": "Grado Medio",
      "ciclo": "Instalaciones Eléctricas y Automatismos",
      "pais": "República Checa",
      "ciudad": "Praga"
    },
    "movilidadGM11": {
      "tipo": "Grado Medio",
      "ciclo": "Gestión Administrativa",
      "pais": "Italia",
      "ciudad": "Barcellona Pozzo di Gotto"
    },
    "movilidadGM12": {
      "tipo": "Grado Medio",
      "ciclo": "Gestión Comercial",
      "pais": "Italia",
      "ciudad": "Barcellona Pozzo di Gotto"
    },
    "movilidadGM13": {
      "tipo": "Grado Medio",
      "ciclo": "Gestión Comercial",
      "pais": "República Checa",
      "ciudad": "Praga"
    },
    "movilidadPr00": {
      "tipo": "Profesorado",
      "ciclo": "Informática y Comunicaciones",
      "pais": "Italia",
      "ciudad": "Brescia"
    },
    "movilidadPr01": {
      "tipo": "Profesorado",
      "departamento": "Informática y Comunicaciones",
      "pais": "Italia",
      "ciudad": "Barcellona Pozzo di Gotto"
    },
    "movilidadPr02": {
      "tipo": "Profesorado",
      "ciclo": "Informática y Comunicaciones",
      "pais": "Italia",
      "ciudad": "Bologna"
    },
    "movilidadPr03": {
      "tipo": "Profesorado",
      "ciclo": "Imagen y Sonido",
      "pais": "Reino Unido",
      "ciudad": "Londres"
    },
    "movilidadPr04": {
      "tipo": "Profesorado",
      "ciclo": "Comercio y Márketing",
      "pais": "Reino Unido",
      "ciudad": "Bournemonth",
      "": {}
    },
    "movilidadPr05": {
      "tipo": "Profesorado",
      "ciclo": "Comercio y Márketing",
      "pais": "Reino Unido",
      "ciudad": "Londres"
    },
    "movilidadPr06": {
      "tipo": "Profesorado",
      "ciclo": "Electricidad y Electronica",
      "pais": "Polonia",
      "ciudad": "Wroclaw",
      "": {}
    },
    "movilidadGS01": {
      "tipo": "Grado Superior",
      "ciclo": "Administración y Finanzas",
      "pais": "Reino Unido",
      "ciudad": "Oxford"
    },
    "movilidadGS02": {
      "tipo": "Grado Superior",
      "ciclo": "Desarrollo de Aplicaciones Web",
      "pais": "República Checa",
      "ciudad": "Praga"
    },
    "movilidadGS03": {
      "tipo": "Grado Superior",
      "ciclo": "Administración de Sistemas Informáticos en Red",
      "pais": "Irlanda",
      "ciudad": "Cork"
    },
    "movilidadGS04": {
      "tipo": "Grado Superior",
      "ciclo": "Realización de Audiovisuales y Espectáculos",
      "pais": "Italia",
      "ciudad": "Tolentino"
    },
    "movilidadGS05": {
      "tipo": "Grado Superior",
      "ciclo": "Realización de Audiovisuales y Espectáculos",
      "pais": "Alemania",
      "ciudad": "Berlin"
    },
    "movilidadGS06": {
      "tipo": "Grado Superior",
      "ciclo": "Comercio Internacional",
      "pais": "Amsterdam",
      "ciudad": "Holanda"
    },
    "movilidadGS07": {
      "tipo": "Grado Superior",
      "ciclo": "Administración de Sistemas Informáticos en Red",
      "pais": "Polonia",
      "ciudad": "Cracovia"
    },
    "movilidadGS08": {
      "tipo": "Grado Superior",
      "ciclo": "Administración de Sistemas Informáticos en Red",
      "pais": "Malta",
      "ciudad": "Qormi"
    },
    "movilidadGS09": {
      "tipo": "Grado Superior",
      "ciclo": "Realización de Audiovisuales y Espectáculos",
      "pais": "Reino Unido",
      "ciudad": "Plymouth"
    },
    "movilidadGS10": {
      "tipo": "Grado Superior",
      "ciclo": "Administración de Sistemas Informáticos en Red",
      "pais": "Malta",
      "ciudad": "Attard"
    },
    "movilidadGS11": {
      "tipo": "Grado Superior",
      "ciclo": "Mantenimiento Electrónico",
      "pais": "Reino Unido",
      "ciudad": "Londres"
    },
    "movilidadGS12": {
      "tipo": "Grado Superior",
      "ciclo": "Realización de Audiovisuales y Espectáculos",
      "pais": "Reino Unido",
      "ciudad": "Londres"
    },
    "movilidadGS13": {
      "tipo": "Grado Superior",
      "ciclo": "Desarrollo de Aplicaciones Multiplataforma",
      "pais": "Irlanda",
      "ciudad": "Dublin"
    },
    "movilidadGS14": {
      "tipo": "Grado Superior",
      "ciclo": "Administración y Finanzas",
      "pais": "Malta",
      "ciudad": "La Valletta"
    },
    "movilidadGS15": {
      "tipo": "Grado Superior",
      "ciclo": "Realización de Audiovisuales y Espectáculos",
      "pais": "Irlanda",
      "ciudad": "Ballinasloe"
    },
    "movilidadGS16": {
      "tipo": "Grado Superior",
      "ciclo": "Producción de Audiovisuales y Espectáculos",
      "pais": "Irlanda",
      "ciudad": "Carlow"
    },
    "movilidadGS17": {
      "tipo": "Grado Superior",
      "ciclo": "Marketing y Publicidad",
      "pais": "Hungría",
      "ciudad": "Budapest"
    },
    "movilidadGS18": {
      "tipo": "Grado Superior",
      "ciclo": "Administración de Sistemas Informáticos en Red",
      "pais": "Irlanda",
      "ciudad": "Dublin"
    },
    "movilidadGS19": {
      "tipo": "Grado Superior",
      "ciclo": "Desarrollo de Aplicaciones Web",
      "pais": "República Checa",
      "ciudad": "Praga"
    },
    "movilidadGS20": {
      "tipo": "Grado Superior",
      "ciclo": "Comercio Internacional",
      "pais": "Irlanda",
      "ciudad": "Cork"
    },
    "movilidadGS21": {
      "tipo": "Grado Superior",
      "ciclo": "Gestión de Ventas y Espacios Comerciales",
      "pais": "Irlanda",
      "ciudad": "Cork"
    },
    "movilidadGS22": {
      "tipo": "Grado Superior",
      "ciclo": "Desarrollo de Aplicaciones Web",
      "pais": "Irlanda",
      "ciudad": "Cork"
    },
    "movilidadGS23": {
      "tipo": "Grado Superior",
      "ciclo": "Administración y Finanzas",
      "pais": "Irlanda",
      "ciudad": "Cork"
    },
    "movilidadGS24": {
      "tipo": "Grado Superior",
      "ciclo": "Comercio y Marketing",
      "pais": "Reino Unido",
      "ciudad": "Bournemonth"
    },
    "movilidadGS25": {
      "tipo": "Grado Superior",
      "ciclo": "Marketing y Publicidad",
      "pais": "Reino Unido",
      "ciudad": "Londres"
    },
    "movilidadGS26": {
      "tipo": "Grado Superior",
      "ciclo": "Comercio y Marketing",
      "pais": "Reino Unido",
      "ciudad": "Londres"
    },
    "movilidadGS27": {
      "tipo": "Grado Superior",
      "ciclo": "Realización de Audiovisuales y Espectáculos",
      "pais": "Reino Unido",
      "ciudad": "Brighton"
    },
    "movilidadGS28": {
      "tipo": "Grado Superior",
      "ciclo": "Transporte y Logística",
      "pais": "Malta",
      "ciudad": "Iklin"
    },
    "movilidadGS29": {
      "tipo": "Grado Superior",
      "ciclo": "Administración y Finanzas",
      "pais": "Noruega",
      "ciudad": "Sortland"
    },
    "movilidadGS30": {
      "tipo": "Grado Superior",
      "ciclo": "Administración de Sistemas Informáticos y Redes",
      "pais": "República Checa",
      "ciudad": "Praga"
    },
    "movilidadGS31": {
      "tipo": "Grado Superior",
      "ciclo": "Administración de Sistemas Informáticos y Redes",
      "pais": "Polonia",
      "ciudad": "Cracovia"
    },
    "movilidadGS32": {
      "tipo": "Grado Superior",
      "ciclo": "Realización de Audiovisuales y Espectáculos",
      "pais": "Polonia",
      "ciudad": "Cracovia"
    },
    "movilidadGS33": {
      "tipo": "Grado Superior",
      "ciclo": "Adminstración y Finanzas",
      "pais": "Polonia",
      "ciudad": "Cracovia"
    },
    "movilidadGS34": {
      "tipo": "Grado Superior",
      "ciclo": "Administración de Sistemas Informáticos y Redes",
      "pais": "Reino Unido",
      "ciudad": "Brighton"
    },
    "movilidadGS35": {
      "tipo": "Grado Superior",
      "ciclo": "Comercio Internacional",
      "pais": "República Checa",
      "ciudad": "Praga"
    },
    "movilidadGS36": {
      "tipo": "Grado Superior",
      "ciclo": "Comercio Internacional",
      "pais": "Malta",
      "ciudad": "La Valletta"
    },
    "movilidadGS37": {
      "tipo": "Grado Superior",
      "ciclo": "Producción de Audiovisuales y Espectáculos",
      "pais": "Reino Unido",
      "ciudad": "Brighton"
    }
  }
  